duration,src_bytes,dst_bytes,count,serror_rate,label
0.09877178007997744,4877.757041314736,35.31184248395749,129,0.548358102759472,1
0.6210697647169858,1770.7971259955314,1221.0782924737127,16,0.04553535739064057,0
0.5786031392467624,1843.6945753060686,1810.8628836247713,1,0.27508881697222426,0
0.02661379202311137,1208.3936264480221,427.19561695639,134,0.6513617835922891,1
0.2709293227554461,6703.3987761073695,93.36574906631324,135,0.9802917109278393,1
0.28421217841253443,3861.151184940323,903.8677268608244,227,0.36087691417915313,1
0.513240330335556,5485.269077383395,206.08363258495797,225,0.44279622252657114,1
3.3782279963012947,1455.561840882705,1048.7370954106173,25,0.0505058966258011,0
0.39317644317620526,7050.86003153114,1082.3652309391248,145,0.44636815521273,1
0.5028745145716226,2010.8739670218993,1294.0987700613239,3,0.1267786351164477,0
0.1465892107124111,1688.4916464868527,254.73448107219906,14,0.37270148777312656,0
0.364677005144855,1891.4996489823345,243.59951710145833,49,0.056221187031344315,0
0.5052384941086985,5972.897989169822,542.1079609544141,67,0.7643174966528012,1
0.822443151175426,3439.13652571694,281.1192590577772,71,0.36169410168368404,1
0.9708398381862212,6432.819533103,1002.9179081624609,67,0.3446561893775185,1
4.413246806944866,765.0784428126415,2475.0094813578535,26,0.20024970722816715,0
0.30101848312449503,224.45787296450635,1794.9386470983209,8,0.3527711033218576,0
0.5580733072314863,5536.782957926316,915.3596142781719,179,0.607694059241029,1
0.5272590817927142,5850.128236422226,453.4222853525754,226,0.3042329302287849,1
0.117345904124512,2155.7858239379584,415.05833097686985,99,0.6747434376431597,1
0.12953782521651375,7310.675348844574,381.29578647312087,199,0.681987178169118,1
1.573160721454152,1830.7479225789607,2386.546253390013,20,0.2415181811797551,0
0.12477763444526256,6891.971699967455,767.8861610326308,245,0.3834473099884013,1
0.2513716102906837,3469.4081637306244,1066.306297202057,95,0.9482416918727858,1
0.10446046558564827,4709.427392195104,575.770653798987,169,0.4081645809933633,1
0.2834591875362745,3485.3479481027666,579.206024400101,47,0.6283285232627077,1
0.292400355337234,1091.027458855052,582.9236855850496,22,0.349479437386538,0
0.18764309924204461,1207.0657583208022,630.7926168500137,83,0.6748797311684587,1
0.7032563738284343,1163.8505463233141,532.2442057271139,41,0.20903063973469807,0
1.229904116448158,7190.116981324485,1181.7304161340644,126,0.961295167170737,1
2.095154769341188,6556.778059750672,930.9006217117935,256,0.7316353847156924,1
3.552356513217136,1328.8089246195927,1636.3329779003902,42,0.11240179956348545,0
0.36960622046693653,4162.15554707137,802.2331919585595,88,0.3558005512310995,1
1.554186512321538,1731.8198855171304,2117.3589685186757,46,0.19281642324483303,0
1.260066458380886,504.2762373508664,657.2675494610751,4,0.1535355532179918,0
0.07343912124034377,6975.929740129279,600.2529251734693,298,0.9375783852804207,1
0.15345029413501968,-301.7503815876653,857.1645783030788,214,0.4254147428031056,1
2.2518638106819386,2740.400394251262,1009.2778691672481,8,0.16114931305305485,0
0.1317832825029076,1086.1692399197022,1545.3199399176858,15,0.16284259565025105,0
0.266779303150961,2311.496052014504,2802.7172985028305,6,0.015783813156359728,0
0.2018765620314438,2352.731032358499,911.160843199014,104,0.6399440088893382,1
0.3785098187566613,5918.704163685761,376.57201786519926,105,0.9166266123813267,1
1.617337177429394,6143.201011538103,814.612137924969,273,0.9005544397981302,1
0.5076251206765839,6601.199488002059,542.294809883618,221,0.4130133802230447,1
2.3382465477731125,1117.0011026692182,1492.7048026846371,40,0.33365783880027033,0
0.14194373821743145,1569.2718299783198,999.5498387923765,4,0.2536416125505325,0
1.0477794492444577,531.1870401900346,2017.7567517621928,29,0.24076937240605265,0
0.20444331813511393,4921.4020740630585,137.89350564283535,221,0.8585986246534567,1
0.1089742122761541,11551.982727574938,280.0901013428032,146,0.6127085280918483,1
0.445133636144739,7491.4262764486175,543.6563593304722,138,0.9638586869522432,1
1.7032884094513745,4258.481352325504,731.5760464510025,133,0.754078067350155,1
0.047920477802918,2130.7715254608315,157.6974470741785,98,0.3099376441302066,1
1.7859640991990124,2339.2073806695116,1156.4755670997977,31,0.35536146892347253,0
5.817411525216162e-06,9967.652779248603,115.86332869925997,253,0.5638903171007892,1
0.5717193471460756,463.9369823491072,2060.9381938487186,33,0.22345695858017015,0
0.48861623565029194,14815.594266090817,84.20361728030059,139,0.6274044311798056,1
1.583162223202873,1144.5653919391107,2233.0621397619852,21,0.32847931302009065,0
0.5002196783680692,6209.691627970099,-6.203304133213123,277,0.6903820838298169,1
0.17488824018577626,835.2399068711698,1071.8118307515456,25,0.07413207181148578,0
2.5133631049240157,424.4395911725783,2724.600665874958,28,0.030744830110465405,0
0.7110151842746741,8322.333298838525,631.1939561116882,261,0.6143549598944131,1
0.18973649389675684,1893.9610112065193,312.0816252400773,43,0.19057479453751666,0
1.9424408443750263,1211.227067344736,1584.300404916768,4,0.012382316367737413,0
1.5409660403515575,1132.5112803678048,2324.226763225474,47,0.3971267355996282,0
1.4662259804712816,3874.9678550104654,433.2575309665204,129,0.9257534574689934,1
0.9641768916193385,1636.6923505023535,1351.7698728978335,13,0.22308353050001758,0
0.7381954376913279,1793.2785968774785,279.57986326020887,4,0.09087182280940596,0
1.0147769486958498,1514.7471464523146,1535.0491775832877,44,0.2321870403974784,0
0.16325627821007704,2167.137723639123,31.035701517362668,6,0.2506370044372841,0
0.7600771455615799,7492.1469336645205,665.9120257557075,54,0.30066039068734174,1
0.2544373056935194,781.2682629213136,2156.3857449578913,23,0.03338563399575332,0
0.5658916066119483,10141.358912073854,347.05799204273524,155,0.9434456217376075,1
0.7713703589415599,4761.339382277318,830.2464195267816,274,0.564041247720347,1
0.4269919384110953,2382.6415056132173,2498.1936581389873,35,0.33345998477503425,0
0.11331913428869571,3339.1184988954,1443.600977552727,21,0.13952821358779174,0
0.7369510383358608,1649.4134115816628,1527.266774607381,15,0.21335465150614505,0
1.8651387922679223,2703.283721284764,205.31178972359612,156,0.6423338803144982,1
0.029923811421853044,1693.8551081410747,358.6626044546364,232,0.9191351093177313,1
0.5855757043222116,1934.688153903948,1041.0399968491367,15,0.045973198823826736,0
0.11491602143566874,3482.837055357061,563.7722091896644,128,0.9237980642554566,1
0.9433386140185174,4488.821947534696,-57.37043541948617,259,0.5167841977736324,1
6.985507335210346,918.2902593401051,3355.4636319853553,24,0.08018980621136113,0
1.1668656640421133,2068.767974562793,1940.0416792196415,6,0.1536826851943201,0
2.5557445899584175,1308.8415625068722,3160.208698100212,29,0.31783131148007615,0
0.9156711367572209,5630.6009910666935,819.1822962682568,110,0.357800510624694,1
0.5355279617356548,3275.6805648395657,680.6354961177451,166,0.726868933083682,1
0.6234772679962116,4622.905721083262,817.4354975261451,152,0.7734788582370042,1
1.0741398553993555,1041.070394495811,-499.52457189885854,9,0.28223434505752987,0
1.5745786123317003,1065.260183092988,183.68100243448657,5,0.06674408067950113,0
0.203833561946142,2077.337651234588,1643.9153209227827,29,0.3952143864622368,0
0.1281726725915564,7134.939941380559,781.3746612531966,220,0.7029656770981938,1
0.16597195097022185,3786.735411580329,488.2941441867368,83,0.6914526922379207,1
0.589971319776197,-341.5369317884679,955.1586740200953,9,0.15216021958816386,0
0.1318375892941261,820.1245044281666,1691.0313272212109,4,0.05259564795919265,0
2.378480969599029,1974.481006374707,225.60501317466446,1,0.30248544558007073,0
3.314513742680229,2935.6462908142303,1332.541058278507,3,0.12703471810444666,0
0.47504228892607286,3833.761551929505,315.7632304975051,84,0.36392801403348995,1
0.02297553109084137,6564.0773341150025,375.2099216157924,118,0.6869704130028443,1
0.02979244503124204,2761.6341940924394,45.65890724576991,274,0.4512220082751505,1
0.4428636336323545,9621.522083241029,455.892372970745,137,0.495086021149968,1
1.4190457080561525,1819.3088914816567,2215.939501555553,28,0.21668192496400163,0
1.5713525796104575,3464.240111928715,2247.455928991419,5,0.2561904168703376,0
0.2747214115099548,5730.481820815933,651.7896660367596,270,0.540118698813017,1
0.6539303019251,1075.3049816637435,1109.6708734834378,28,0.025075848648746346,0
1.340448795219263,877.7466499272998,1275.4599385065808,42,0.12448699802535744,0
0.31189933498330946,6206.719718023031,383.44376744509725,57,0.625525433954637,1
0.1967399596573177,3835.486077204593,691.5980505929307,70,0.8322800471012377,1
1.8074087681393878,8885.401051786936,555.413142434325,186,0.9527966960941725,1
0.3097432145379586,1950.3753893524568,982.4505778355409,44,0.01925713439134138,0
0.03929633724427554,5353.142850218658,26.90105534270083,187,0.42901097786506937,1
0.271887946748747,7612.7211852118835,296.9014584624406,112,0.5567588244523878,1
1.1252148755240854,1662.3384166810397,1487.7521206616036,47,0.09677267212621184,0
0.4356853245869319,8578.416954577959,-64.00301017232914,36,0.8907954303594172,1
0.11601382995655153,5919.123232478554,720.6865991737241,35,0.7415392941208344,1
0.14358841582271287,2342.522282666323,1420.8882774470858,22,0.14348621016680538,0
0.08898671397007586,2489.863507894974,192.2741949079168,114,0.9836323461205063,1
0.6187236107064813,2703.1943908661506,1951.1272960418878,43,0.13835098429514298,0
0.1272731258704681,2662.7075816941606,-80.3732530830971,28,0.37907521038578834,0
1.1011663438638428,2074.0338046367697,-259.04476529606563,48,0.2483714269913725,0
0.6150238259218661,8093.595336710348,-45.39376761614642,270,0.701494296018697,1
0.5973568708741899,2394.8889693922424,762.9366936508807,218,0.8259963222719118,1
2.0846770747431917,1947.8323583448318,871.2084315936404,17,0.17932762214776887,0
1.4695877652546008,5459.586290806261,601.5658628857743,85,0.9880628156882905,1
3.412684837791784,2116.6921551095734,1157.50787122727,34,0.1588060164948767,0
0.7490812455600356,599.6087621612988,1896.5455103780837,16,0.028403065813302188,0
0.22638087996339623,1315.2523758330576,2775.604050579978,6,0.12252539951128508,0
0.06976719261522146,396.5446175883783,402.479085654915,16,0.25182307875669463,0
0.5782963935159129,8044.897880763896,321.8565775793885,218,0.6363919585853877,1
0.019147537851351138,9212.535696771272,-107.74236193341312,251,0.36970579947802024,1
0.7981190312289075,1301.9850915587963,1814.6542715154974,34,0.043705684123848565,0
5.585335513049989,2427.4638426913984,432.7796040654364,39,0.1551947039787478,0
0.14415306609661313,4391.540051562455,919.878393543738,154,0.3051471311880989,1
0.12769216469929554,4874.488457395638,989.5570697267326,275,0.476521014246871,1
0.2693592113318849,4886.471955169404,528.0117122829954,85,0.3177440229847569,1
2.210834950082047,1397.6659268153867,2128.640126920666,44,0.11688729218475911,0
0.5902981302046302,2035.7380390640308,643.932186939078,36,0.34229490356231457,0
0.28529206920033745,1068.1922557525108,2271.1032934359278,45,0.17761749968088117,0
0.6698775363116171,2517.244075995327,617.1285462273833,5,0.08715702170199605,0
3.6669239427549547,1384.511670460846,1240.134893193102,39,0.2404296667200932,0
3.8792855957260857,3.3664631793153603,1125.8390389504868,9,0.08762752364074311,0
0.2020751043452489,3717.0090887165097,450.31057690471033,108,0.3481277344957412,1
0.5449317899531374,1300.8286812167412,1606.3757393175008,28,0.1340832189483491,0
0.5231641022582404,2158.5364671695315,2451.5763911397125,36,0.23087995469382033,0
0.19522835093167296,728.0612315359165,1052.8625221827292,30,0.040254991409413333,0
2.21282178906527,940.2195936059315,1657.216935761176,32,0.10411474302640121,0
0.7964905291553204,4315.017295426739,672.2213662682004,289,0.6532461015842044,1
0.36563328435297365,6145.966758878711,141.4118709202266,213,0.5085015788731478,1
2.646836797861401,1088.9064661306452,1463.5311869156017,41,0.11171043538176417,0
0.28353575840115564,-513.9151427476727,671.7170933527027,74,0.4272723569861371,1
0.25361324214142517,7120.43553166667,383.0228880321664,208,0.5354263759892335,1
0.2308695422260187,3626.1071602285497,3.5337691315111783,175,0.9185787773815928,1
1.2358312423287432,2395.6599291476614,2108.331724915438,21,0.34333667071964835,0
2.4710224369553493,1026.0848606089046,2216.1545760221857,22,0.26712187329056264,0
0.6779617484504435,889.3926747659865,2882.034536080569,44,0.2676801051752314,0
1.9541233927384742,862.4837956236186,2206.927949989338,1,0.260889703818189,0
0.4195503054936319,1455.5322632716359,1673.9462985437783,24,0.16757911607499018,0
0.3525672792049088,1161.0696919822353,768.1093068167332,173,0.7037655437467791,1
1.0555612346351315,1443.8674308330824,617.3067150609011,6,0.007646437771905612,0
0.0758784936855425,2220.082435564591,1045.4185767673475,121,0.38641490606724854,1
1.8807739316651637,2903.8353455874917,969.6792659592414,30,0.15579275796096814,0
0.07061765505724636,8117.229288836799,499.27884772434385,280,0.9190403995799012,1
0.3308989422796835,5214.217903508397,400.14187868524664,79,0.5043378214484651,1
1.2851736683663166,919.4049494772275,520.8477865901948,24,0.28885729418236233,0
0.7887894666977129,936.5250475657926,1597.838002425827,20,0.24117715059178463,0
0.012758100477195538,2917.3598574981033,608.498318374105,157,0.9086735702704858,1
4.460531690260396,1554.0147851280872,1655.2719943186462,15,0.14311930613017673,0
0.9613383011347391,3164.565503053761,441.7192604064442,273,0.5254472746370108,1
0.14753559217261572,77.02380087657707,1000.9848314433559,29,0.1824946035822168,0
0.23479629147820463,2305.0342473715523,1679.5614548479775,25,0.2366788649225302,0
0.49837335340074573,7121.077205513211,240.83511182307018,30,0.9281781228251105,1
0.23146148181317905,1713.6402126954072,647.9090695397019,26,0.035441885587871626,0
0.19009619755987486,5735.5603225337345,525.5628348901703,152,0.3988393444760294,1
0.7318912910252807,418.65231550693306,2166.8231692871395,26,0.3176842650197622,0
0.04085227772741556,5632.913095094953,699.6250471075336,128,0.9892581343135876,1
0.5850295711589681,1992.748485555411,1755.8255473140296,35,0.009340838531274365,0
3.273377868602272,2815.974170801027,1143.0532534281763,14,0.16901937132477785,0
0.01634520992276322,478.6011393437525,2170.7926195613136,5,0.053774051763248745,0
1.9863601039376941,5741.438862851905,473.2297537335653,98,0.6727296355187282,1
3.583291426634011,811.6693077728381,519.387469598127,44,0.24283583148750162,0
1.64529803989145,5095.594987400071,119.20085103599024,206,0.9285686513295133,1
0.1749925976950795,4300.599578760414,127.47182735551269,123,0.36283165039210996,1
0.43509194248830796,1538.4679573291055,1596.025061374609,43,0.2287089408193289,0
1.3167387927086334,1358.4422180047604,1361.6431520612616,2,0.11370963717100668,0
0.5205341681192955,1576.8966215527867,1360.0321946436732,39,0.27072851954295823,0
0.6084565713175621,1905.8439441817554,183.0327071719242,224,0.5195921873300093,1
1.757582578969906,3411.1053964889916,634.842173849692,114,0.5283543548866521,1
0.4520966939817584,4216.175784569005,846.1702202767242,249,0.3347241358446379,1
1.025578801850155,2688.835029676114,36.28106399278005,245,0.7907683111549889,1
0.17046051616351723,1582.1554838493857,-25.548642025515733,235,0.6323383042305558,1
0.18537813911121623,4083.7324490798705,750.4253978974647,126,0.7653174434375923,1
2.8760805257691286,176.11466250738454,2271.269734630686,45,0.19440019751904122,0
1.5123726591010258,6761.266349561808,354.93155484603886,33,0.604777426379826,1
0.23943558284108543,5874.500061419769,564.9874926213857,122,0.8023733104554496,1
0.5116807762306764,3369.7777785173485,319.15380326481153,134,0.7363656961719349,1
0.024692827225770996,4422.834065388078,879.1120032964006,183,0.7872559030969274,1
0.18862517974366144,1472.0092076024307,1411.0191509210397,21,0.20451018488030048,0
0.24254242142454213,4798.5006267580975,659.601859646583,151,0.6041716743131467,1
0.08692564659888866,1633.1617665704448,2259.643308353059,25,0.12859828049915278,0
1.0476529865831556,2080.6132991189534,1453.9049623731316,30,0.2674290586891656,0
0.013859408416491614,1117.8740425879066,1470.2222107921268,35,0.1644084301062183,0
0.3065828992618586,1559.27582433582,1098.356620517911,17,0.336579021233904,0
2.491992298630543,1480.6999303119974,3301.948644275447,14,0.23287949863764557,0
0.6178628697936487,2101.109698697431,1839.3327571215332,27,0.33254940575428393,0
3.982425128820937,799.5053972921943,1043.0568081737624,46,0.12050610430400016,0
0.2057508056708215,5214.732515733326,44.19617735694726,245,0.5604575784740271,1
0.0045397819254521425,2730.609549632699,752.5951086356381,296,0.8636220781522637,1
0.10542697055766685,6157.961988168961,488.7288065061556,276,0.6950916114458233,1
0.169580835284943,2080.5511218301626,869.000171815745,217,0.8020833131060294,1
0.022446354450078514,7242.66549221783,635.1810238587616,163,0.6012425726605403,1
0.9497213438694286,200.81710950585875,1223.5030026735262,189,0.5212709180828794,1
4.511924310155984,1522.6547009043688,1713.9138512575223,10,0.08428198554688127,0
1.3987409204483843,1557.252989775514,1442.7189924687489,24,0.16873127141553257,0
1.9924403681466005,2066.2015483643804,2373.048096475415,4,0.39229573743337176,0
1.043265641370974,8353.689788827203,874.8856715889999,205,0.5402928423451138,1
2.025051372530505,2401.252023638206,-222.71209088297178,48,0.31935213620734104,0
0.15048834729935856,7741.173084527209,444.2462743421758,197,0.40720115005876933,1
1.1158917462912816,1537.5844750117935,2522.761490085839,23,0.005043007990303616,0
0.6492457117101071,4100.925818868844,153.9948468212122,238,0.497935819942069,1
1.3031580885262009,6276.980221318987,-372.09646579649245,193,0.3594764029226265,1
0.15991306836807817,2352.384300052281,1350.4229576116431,22,0.16301721241297235,0
1.1826935506050371,10546.950583620335,650.8353280685583,61,0.5577750751765931,1
0.4157172203395893,596.2345162739055,1132.892589704848,8,0.20494551101831626,0
0.08219862551402465,7528.657588520891,245.94471016239063,119,0.47482092546054866,1
0.7252495367560702,2800.4641162448643,1073.425726141917,141,0.9745796320809343,1
0.21767242483955856,2256.74368091789,988.5405664316966,116,0.8584632769387508,1
1.2902338539623774,1884.8073853893707,1660.8792373719739,18,0.27146798266902594,0
0.2220342059383268,4244.886251275339,656.6427637801808,215,0.8862307637331421,1
1.7613187913515786,2196.8997627453537,2419.0125602976827,27,0.2443120284303073,0
1.9416981445906771,2006.225492885028,1242.6919590260939,6,0.20296477548712355,0
1.2036570365805983,8718.115388339818,1024.2089593746673,37,0.40221471350787374,1
0.11912482217703124,4965.405634764407,954.9182165760719,140,0.3390185975112092,1
0.18507058835996407,1454.443501023146,3216.119302218711,16,0.07784953468194877,0
0.22082809591005337,8798.20980910442,389.23783986576615,128,0.43004386828909547,1
0.33230916075882894,671.8061420645007,1865.4025753230271,2,0.37532192737939307,0
0.005741834552131777,3626.1493135111627,499.90589821646756,159,0.9633803239449956,1
0.060126262577771254,4922.352667822745,-4.797608236805729,157,0.459237122585478,1
0.008854116353232501,3226.0503631270685,683.0648508767667,202,0.6035860319242661,1
0.35139233446428686,180.81855163597538,1196.0122166051779,226,0.5099505782311463,1
0.5182732680036034,1596.2365053695191,2016.3873449128605,35,0.03176263385721181,0
1.9204438111263078,2878.9284145229635,177.40628208522867,282,0.8169822373778743,1
0.5691242631366281,6549.278614915341,756.6666977062137,45,0.8981831752415261,1
0.003936248861986807,5145.0568370209885,625.8829916072355,219,0.3479084964698383,1
0.023365973057916573,146.02829622814443,1757.0857723602185,38,0.21358698901910553,0
1.1441468746111294,9677.412938429456,413.43539123728857,187,0.7716293608488628,1
0.6694859411838541,2658.73406302601,416.05689728689816,94,0.5329106335572653,1
0.10089589631895636,2443.4377472510614,1142.8531083595774,11,0.18370607886928558,0
0.2849370162666727,4426.128361599132,117.1086750384992,56,0.9367167737776609,1
2.382929212431307,1585.1441821535175,3451.8019250714183,3,0.0570376576327635,0
0.006115634704485624,4602.386973999872,1038.9082468780891,190,0.985322288554167,1
0.2139286715466708,11066.791215863806,714.3829371909853,114,0.9586946258021058,1
0.1682669464758569,2237.8430173436996,628.4950077125712,258,0.3582561463456506,1
0.0913326611856045,7218.227093166855,422.3436798890505,44,0.5491704414294483,1
5.497440183783851,2045.513191701049,2093.6762976074456,37,0.0987295476807609,0
0.09632037172916343,4389.798815814496,713.6966478740486,64,0.883914875745909,1
0.4153155681568547,-268.90824720630803,1104.99473347095,14,0.11739552928324866,0
0.28283359202299047,6337.043340864775,620.1444159518986,81,0.5134321870695444,1
0.14804405878104082,2373.2054815379693,2182.732447024246,30,0.010179103962300352,0
0.3635571794975433,6555.174975765121,388.3042841186232,140,0.32794577279462583,1
0.1149920639316824,2738.004161064049,1595.6642947313226,48,0.3290139177536787,0
0.13748093444425483,6829.6767607207385,400.7632327017328,111,0.4364707900490413,1
0.007401202847220853,4686.364349992749,324.9202020961985,43,0.9415424057808599,1
0.364864637786035,4228.793028860451,567.2649212872379,243,0.8557545934162958,1
4.505994008791397,1473.4984217009624,2676.936261994887,45,0.29945809365048,0
0.2746352896936128,9388.689245788726,680.9742501714181,201,0.4412564637767198,1
0.06640491165229435,4425.5009235620155,364.6523424773004,222,0.5371764376959651,1
1.4478191298494596,5896.134045524051,379.0772032804908,200,0.9488352935021049,1
0.9399104222731645,1225.849924735721,1583.3608831615009,17,0.13624166663251666,0
0.7625049218748103,1656.6762040781452,1054.0065719937331,43,0.19555913271698055,0
1.9867505515976198,6496.985973904775,616.6936188056551,39,0.44822210343669366,1
1.8862817378428323,8945.295143905461,633.2594981872015,158,0.6573220919425089,1
3.6006343310895357,93.00841086150854,1447.3997911416097,10,0.13917656463286665,0
1.0078404909353613,4901.7317809309225,1184.495550961653,212,0.3825807385396431,1
1.065655765701285,2205.3118055595605,1521.5086711956246,49,0.11260847936597199,0
0.7157249288783702,4476.715451051596,581.0172075174266,30,0.5674864461219812,1
0.09883823033775566,-217.56754650517178,935.2782644837636,208,0.8460336609280303,1
0.3535423672578998,3519.110110869866,279.4089617954143,203,0.4973428489180761,1
0.031198961998707933,129.49237672729805,1366.3055357465164,44,0.39364412761459916,0
0.2551811123592812,254.69666118087707,1539.0880562605635,25,0.3936052652841857,0
1.6181441085658719,2841.1498498202263,1881.632661778497,42,0.13554425973550063,0
3.3881857718188892,1666.150149730489,3494.3996139462324,10,0.2890827830792914,0
3.411146023660878,3316.554286243517,3161.398386848673,19,0.34968900987407037,0
4.207641628937374,137.29404851587628,1695.0405710169591,40,0.25365685531829474,0
1.6190855245451976,-165.54352630697758,377.91578256024513,24,0.15420476189476895,0
0.37962310159778007,2636.403398391884,1038.7916794186244,41,0.20123358031193456,0
0.12255775287550486,499.10913889175765,1941.9919635337183,6,0.3600332732065923,0
1.3665816185749124,1807.252359151446,475.7564810632846,9,0.2704710248301736,0
1.1046156976364958,12372.736063271812,645.8108868252912,143,0.44405606389259517,1
2.219225664362267,1414.3757120363537,1774.1802771021632,40,0.2612651162125132,0
0.07967553170232788,4892.941546721063,471.6623856673992,64,0.753925189830166,1
0.05368330935189589,6173.168974521315,140.96340607210652,243,0.34336256300529155,1
0.0060884779438501666,7255.692934466618,231.00733180543756,146,0.43828913397493474,1
1.2206054880903416,2835.217220231514,2600.5654506492956,49,0.29166939501977923,0
2.7952890601459157,3548.067630615036,1931.0047939570954,24,0.11431342221034808,0
0.1544353776717199,1352.8133309178568,1396.143440213259,6,0.13891081561220303,0
0.8160567982980771,1469.8922380601214,1264.0402573663778,7,0.304760725041948,0
0.12015641782526454,1931.128034947727,1275.1197656912361,13,0.0967575313035356,0
1.5218061723069238,1855.410649188832,725.3244361090917,26,0.015598405029964636,0
1.2779959365828957,1523.8049115965962,1757.358244956811,34,0.3829792076152385,0
0.23828782782735358,5819.698810398393,811.513655305795,74,0.5294867391950238,1
1.584259171657611,5528.2092306986815,675.0632909035663,255,0.8710217664382847,1
2.912024179763158,2286.1527871564113,1057.1294066336043,27,0.0805248431289733,0
2.4663137748651294,243.82022408763487,1613.3735309119238,17,0.3824188574447733,0
3.9532851859978346,2723.640255568491,1837.5366033882278,31,0.056854849517383066,0
1.0723142390078335,2104.312980660605,1658.3286267701183,2,0.398175006476524,0
1.438544517946248,9249.89343644095,512.3976896811855,175,0.565816183375154,1
0.25842268838986937,2725.791457545416,192.79142273408615,49,0.4163294997268244,1
0.39546506380290175,3488.138338654468,112.05753687240565,63,0.8932833431383154,1
0.2694118251066355,3672.572755470089,556.8439463663242,243,0.722249143469653,1
0.3471775260262578,308.61823489531525,287.93222960379535,54,0.631404961562515,1
0.9134020317896625,2069.291902471112,1253.7774120375993,17,0.07496477763903289,0
0.8738329124809253,2657.5823074829864,2612.1660392138506,32,0.263416206268022,0
0.37714942731423134,8000.197391067153,461.1448259409678,250,0.7181186648314982,1
1.8285827271425898,10221.106932174813,859.1740770935684,180,0.5765373364997571,1
0.1385505115132008,4523.742235005471,976.5880784130787,248,0.9725224119399487,1
2.8570899787171196,468.0312802071569,1977.9200558798864,49,0.04920131804949826,0
1.1832215408644802,374.67112252142215,255.28348303709822,21,0.31620391770995404,0
0.810409981378007,1900.7337500995045,978.8655971084413,29,0.3422784375350158,0
0.9194339610766369,1010.7857576064414,1687.028729432598,7,0.05226093752938517,0
5.253790384319222,1877.1324451091232,1813.4432043220372,21,0.249913545115761,0
1.512171804061368,1826.6022045715774,1429.374361318996,18,0.3975393555598793,0
0.07134577463461282,901.210770754757,1723.2172206162713,31,0.12574004527349936,0
0.2633183749008319,5308.869239888956,716.443797127203,181,0.5226277281861639,1
2.3738222416799717,7146.127791641664,567.5792351742648,141,0.5989735317522402,1
0.2546095554848561,5229.381211120932,-32.803526214520616,154,0.704979272742472,1
0.6177675616784138,4915.9685882407175,236.50307684607833,299,0.3912471910302859,1
1.0174401500125403,1679.1072194233052,2340.5235168060894,19,0.144767996335146,0
0.05013081151833449,6383.128049961959,593.955342159494,159,0.9530073830886432,1
0.9891321354357859,5453.566550284929,413.58833782337706,63,0.5325207654432127,1
0.30968462211463793,4120.196705458728,951.0259485286997,251,0.7736320634867545,1
0.014801829901126069,2762.3253943084883,636.7712585512108,89,0.6516602739804668,1
0.836721290862641,1662.7709086937784,1461.830915086416,49,0.32196271073657545,0
0.028091784578248458,5855.844586224053,123.52319959931225,138,0.7781800000061325,1
3.0168462967199092,2965.167012683483,2435.436472356538,19,0.20208270943065532,0
2.5940270543072037,2248.5427145179688,709.127114279266,26,0.145837491279016,0
0.10860596594951663,3967.505444641415,883.0896158264563,127,0.9505824386944077,1
0.4868848016974755,3801.2675815018915,376.5520566313459,128,0.511942589790377,1
0.3428462706605279,11732.584159951242,218.62232703908035,123,0.7499441894359495,1
0.03851641431221157,2239.221615365521,1679.1313072517291,41,0.04645558408021025,0
0.046765120906180756,6249.212775757334,840.6860441548832,208,0.9212282581490177,1
0.026887670368048906,7148.969717449505,211.9861114161609,121,0.5400507639314371,1
0.5163344888309123,1998.2799458779991,1537.1492385249192,1,0.21095984884907054,0
0.17819501195560353,3588.0649895726447,399.1235783956784,94,0.8635681184287944,1
0.39316038832314487,4413.448575106466,707.8168265350578,106,0.6325702384842042,1
0.5584436228630647,8907.221921270495,976.9516934542052,161,0.5875120804437084,1
0.4320089836898754,1984.8079610765117,1532.473352963106,36,0.1153621751274983,0
0.6266238300943795,4287.811266575823,906.6328403316487,99,0.9196672150952956,1
0.10782623295473553,3605.9056518699126,532.2871850470357,21,0.05951838776204626,0
1.7897331126598701,2916.640508508408,776.8738868281682,12,0.1969301920004728,0
0.035400753206794394,3629.3280126873074,344.18108845216204,211,0.9766942980129223,1
0.0085464600292336,4262.275214405234,634.0617502408094,109,0.9366839311084969,1
0.5408986102064621,3421.0556770866715,851.8270535802335,204,0.4035708338765841,1
0.025090421337705927,1153.9534497443033,2438.183215407492,25,0.11072572311652232,0
4.616343619182035,1399.3704639202815,896.5793199845136,45,0.048223366561476105,0
2.4404937089909673,1050.0265792845858,1987.3104967257416,42,0.1630336834295268,0
0.15334229602398433,1281.8211442018637,1512.463238065174,45,0.17197243095605927,0
0.9131671580553208,7288.475688900404,1028.356437460212,142,0.4264602789179122,1
0.9122628929394301,1085.910960771063,964.7418090720668,27,5.387720179412803e-05,0
1.67273251544594,1923.8433423322263,2362.9446667450366,42,0.04168992112333907,0
1.3406676068918753,1170.4984271020262,962.7013056495588,34,0.018259498200953496,0
0.2177434362613133,7727.451062964918,627.6334592552516,101,0.6996349376265013,1
1.031488917695771,1707.7780013771855,1990.8143781843332,37,0.20697854070201652,0
0.033976095317135434,5819.552932107713,139.35514217717338,197,0.8245586056514698,1
0.6629646409861012,559.3841663338708,818.41128946194,51,0.861288117916964,1
0.44749105509223336,1514.7347033516414,1462.4635368966528,22,0.04321030165227655,0
0.47484066481323856,748.0961709381158,946.4735440950045,14,0.33481645009717603,0
1.3786232304408967,2443.5520965770297,2605.7271928300215,5,0.3868506461036682,0
0.034944429248061494,3406.730632428013,476.7669617822019,280,0.390349872851617,1
1.2691190378560189,3075.009834506357,400.9639718100649,270,0.5543827523995989,1
1.0971792086402279,969.9009928433227,1480.5163261912137,23,0.03754291392934248,0
1.5462407367674729,895.693654117342,884.0214151530865,48,0.347987663859074,0
0.17640605735917972,6920.518041579343,477.8081409216866,276,0.31529269839034124,1
0.11621380321696351,1075.7939053020473,1434.2790572859449,12,0.013275741824970488,0
0.03532050477106726,1423.1520802202801,763.461125536507,49,0.08128923643443492,0
0.9034139994404848,3735.6332393451585,727.2485448012457,144,0.33935700639568056,1
0.7114901324549239,4359.55061876155,851.0596127589811,56,0.36069459731694814,1
0.28044187796612463,1592.539707434287,1649.2872985250865,36,0.3286547590841887,0
0.4301082344749475,2683.9553111120204,-133.38789473943257,41,0.04503215616477481,0
2.901304550423488,421.45166231542953,2007.0215047456788,42,0.1080990768523133,0
0.23413939642607368,4423.688437049373,-138.6202283244436,211,0.5920149952829914,1
5.255336212737468,2583.0978993323306,1617.3709491466582,1,0.2671679995214508,0
0.838407415579592,1373.5936811368085,2790.9690152469175,36,0.004682644292361627,0
0.5213431264006427,1547.3747472115906,2307.853671474107,6,0.1723940882053185,0
0.07209390029505175,3483.249263086758,812.5173992176553,155,0.5294899865200727,1
0.39530318159445027,6205.166818338465,483.82854529827824,134,0.8196589559628473,1
0.5368956901185702,776.5466999164731,681.7659478412755,33,0.17217096412839608,0
0.0855562319381555,7378.6231926452165,172.35091018457308,47,0.7184656093810597,1
3.339082816872784,3456.601583693461,1620.3351241148612,4,0.03207200563276138,0
0.12982388548195847,7576.451464060143,387.5533830134582,170,0.6053722184500101,1
1.7294767846531578,8470.84444552112,523.4429188908942,71,0.367686191851297,1
0.41630269385432894,4073.7297535249277,287.71223155339214,220,0.6700596227924929,1
0.6062386014385437,10909.681236548402,479.4097861743594,237,0.43768173811897615,1
1.3143655590099645,1108.4484459854223,3225.8465706124025,1,0.33573539694240095,0
4.225883183080728,1914.1272163752983,980.5779639471943,20,0.3637818443748968,0
0.03862166098517059,894.9194037725573,1497.1179687275453,21,0.0072026222401818,0
0.16598842419936322,5967.021301723006,555.5526610489742,208,0.7043291564459935,1
0.29488178371113805,6628.804978348764,151.46484682629085,151,0.7946228902959525,1
0.03692472162103292,2576.336036923982,585.5960698156132,46,0.3653147790304947,0
1.488942435571781,1728.692312579924,1478.1563683920544,42,0.05715038453576469,0
0.69343109474605,2375.3532147767587,1763.0099282427843,30,0.026577537742309955,0
0.3174280685649471,2999.903589005884,-85.33055921158746,48,0.8388226359999609,1
0.047900521939580734,982.7416926059788,2702.7186414137204,32,0.29066839682812934,0
4.954305159377866,1043.402965000419,-572.833833715928,36,0.17973989681585684,0
0.22999272627958509,3083.35853054163,586.617098847507,72,0.37690417961854805,1
6.425798363328807,2977.3658605888268,1739.4340643251935,32,0.2963616224608286,0
0.6708468768927355,6426.532493048828,-72.34226736321727,54,0.6387021532050179,1
1.2260406113422395,701.3167674089673,1258.0242508094973,44,0.11811619761917731,0
0.4338560505970516,1719.4520164214846,-64.94506241757517,173,0.5951988322681414,1
3.0269250710518723,1658.467808614284,2285.4123895932753,11,0.14846896937505102,0
0.6335116394606259,4454.885261519065,-138.16822610544864,218,0.4344163583954411,1
0.7435910653354988,6184.080192028636,-246.49820602389684,66,0.5394928200783264,1
0.07947600783391258,9396.551210487833,425.44141457766517,163,0.9840986762238504,1
0.007757311732207487,8239.679454657537,340.3494310618431,45,0.4977851872630472,1
0.8326830208309165,9885.393584375715,184.9577781193563,55,0.9472492537900457,1
0.8229356540329731,7296.136109856035,551.1391312989713,179,0.8335222110271512,1
1.110665899771566,1189.8387520512126,1373.176341578424,18,0.20806795692430047,0
0.32399141606916015,9523.265874332776,754.0312325649481,138,0.7142018782246803,1
3.14912372113042,2949.9588463975433,2488.87454016835,33,0.3462308582498209,0
0.17125115278779876,362.19703232186066,573.3082486459658,35,0.3851241428296104,0
1.1042794021308753,4841.188563461612,543.0763809515481,175,0.9827872573793215,1
0.28689530490754384,7704.416819182072,713.8136086583994,59,0.4836858635425113,1
1.8108127074796496,2627.477952148464,1923.7542034853846,40,0.026403937656096634,0
0.029124851911949044,3205.2027731309954,523.5731089157449,175,0.6848020786143176,1
0.062444639691517805,1770.0821296601616,1059.755876923664,42,0.18899734200260543,0
0.1867589663286763,311.55170157042244,450.53101411987245,20,0.2454416456949834,0
0.737284866529631,9906.467976326987,585.1253070984503,218,0.7272541054727099,1
0.05709524892418408,2901.816354738898,1421.3282985642002,46,0.24231169978107614,0
0.15762481924437802,3273.6473692093514,10.858026885457946,64,0.9868803041738938,1
0.017127884148812503,601.8223827501611,1849.5505357970799,39,0.16204107781102658,0
1.5425912206633368,476.33842661143876,1337.1357119181107,18,0.21720983358306528,0
0.15024303624615976,2847.2802245660737,721.8959455174014,166,0.4812329923551977,1
0.5047037361308381,990.0902981547858,1933.1701825638304,24,0.04916827138615503,0
1.512304828716215,-326.4161995180011,259.1526668147473,141,0.32755331587381065,1
0.25342707571706297,-595.57808331243,1149.5168203419807,112,0.6396613190357493,1
1.413286146641773,7213.078707472478,342.6655591212044,155,0.8304435922626106,1
0.36062362177253793,4845.589500349678,523.8793587128109,276,0.9392607803954893,1
0.225351793091008,1386.0964119829653,2097.0028528217763,24,0.3561032212071209,0
0.6038893427855406,4561.090136251962,752.2203446388648,191,0.971210311233287,1
0.21182112208300724,2683.254227881723,601.4070443305125,111,0.44336168633934664,1
1.2519779908948434,5790.389892956946,899.172471211712,221,0.838122991953759,1
0.4947042602013738,1449.8567221814626,1307.0111537149362,25,0.2776602294039324,0
0.6027282018769515,1075.599081911578,1467.8736394845253,17,0.18414330848077054,0
0.2317651199833902,5487.562460070317,235.67949900161233,194,0.8295157615922382,1
0.1847251569066745,1323.2243203734215,2652.093772359578,11,0.22417625239217598,0
0.3659775607924128,6517.126483039177,634.7656163855103,282,0.8207336311115063,1
0.035752078534477316,6563.770042077589,3.0130376966678796,163,0.6374121378438526,1
2.478497359219315,2904.2726739545633,678.7877604711518,7,0.33129970097488737,0
0.15810679551628298,6876.447918804414,-259.67382556590564,197,0.6338883748323576,1
0.054906156316285495,-158.71218592651962,1724.9531391755006,6,0.2547609269818973,0
0.2637125377500943,1347.7290575331135,2012.674289013608,8,0.18750718618580234,0
1.4299395811760218,2510.4615130244274,1026.4799214941725,50,0.8005875138718215,1
0.1811615123619793,6158.221325295266,1360.5209167000305,225,0.7072050692314337,1
0.8494848005046627,7035.379405295666,624.9338114304358,45,0.6112014507485999,1
0.633729623674889,4302.791514623109,558.8394377071722,214,0.6320160654079012,1
0.021747119581206415,1209.1102302289153,831.7223573921941,10,0.10373395892683779,0
0.7777885788656753,4832.054274876612,640.0012945898243,106,0.5398137579677922,1
0.15557909833478298,9311.74162440277,946.7339324984869,86,0.5998462603981923,1
0.560628828533534,8058.922206046569,164.8440614878993,171,0.6854623214655949,1
0.6242167656343331,3091.7847395535464,605.7514905070639,131,0.40395474715057655,1
1.0442765663267988,1062.5128470076863,3332.7540580725936,26,0.27536200739685474,0
0.37675100741373674,717.9558041611591,1112.8913327565429,21,0.2085782756174358,0
0.3979873036849448,8692.336065295687,192.0892377002324,257,0.9369511107118029,1
7.435242911889049,287.4047080022144,1963.4331996808708,15,0.2855810530026359,0
1.4870987646498304,998.4263537697861,911.5760459281868,41,0.2309116116932525,0
0.05566968910601795,1547.3884921155627,1096.1827997692424,229,0.5099283150961753,1
0.6658390086243487,1410.137560247336,1428.2114445702186,34,0.26829292476233363,0
0.2874063338087006,3160.320638916351,-778.8340965040602,39,0.07843908509535719,0
0.23044723809362838,7186.2926853313065,241.48907892312258,108,0.8806960819998579,1
0.687784198896456,1961.657701744432,2021.8583027307357,44,0.38021242103448144,0
0.446577511649979,7238.388576906499,228.61568750187018,32,0.6279898962137942,1
0.7579194241744998,2829.268170309084,1020.4809727510426,175,0.8242742056022789,1
0.08975815291302101,443.8134343834863,2353.339751671323,45,0.3214414141766141,0
0.17694812450163241,3035.0349184125444,89.50548835015684,139,0.46623831361856877,1
0.06403444343923533,1885.7065588840387,211.18023041461635,45,0.8682647028456203,1
0.13846556515460237,3770.243881234487,673.9571855885397,240,0.5755448641942094,1
2.711651463172594,1081.8215835847684,1600.1796021183259,44,0.12558668695094113,0
0.17682031195782036,1460.4290322780537,1628.4591848398916,35,0.3213930973187539,0
1.8681259333478084,2105.5908933162814,2298.4080878877216,38,0.2545605480733628,0
0.28782549581847944,9347.128379633328,1125.8141148611342,110,0.8293345638747462,1
2.2044719106686026,1080.383786976181,2234.6532848018505,20,0.27530969431209484,0
0.5492068727594814,2275.917406644029,629.6788851902467,37,0.7217284193200865,1
0.14968279124765962,3490.048435076926,672.1233263013239,73,0.6995977553951331,1
1.8406438610805669,3071.7801063331117,2014.178207894035,31,0.3153789373013195,0
0.36269254399420303,6368.161993444917,897.738994262657,64,0.674191453409416,1
2.9322587357493735,1804.1582808047706,2066.4869413508723,22,0.024983037447628576,0
0.677196970640312,5965.8082945289,568.698917737802,248,0.39190158040337697,1
1.1610888745885164,3104.2948277810247,286.3337709052847,216,0.6319105621153558,1
1.4628294279847394,522.2977528864437,708.29749074373,21,0.19423587986375912,0
0.4022707936999149,4868.988873556326,831.1632029948773,191,0.3401742905817915,1
1.5052412857807966,2240.942038025313,2619.4843492688015,46,0.11889512308344688,0
0.9388574993123456,1035.0417194051042,88.49789083086023,144,0.3358844214231987,1
0.4708137790959099,5823.771838932523,470.3464396282082,90,0.6029879447400206,1
3.46016164147264,317.1310033761267,2700.6078325074486,20,0.0348371067183086,0
1.7911116379525096,1284.8890475561357,988.8306018483983,47,0.32896894946731137,0
1.7848518571751613,1767.56543198962,753.3856327414431,20,0.31013846016125424,0
0.16942424636730938,8111.698951841967,35.808803318490334,140,0.8190962759267806,1
0.1557092336128623,6372.209588293411,113.850929424725,55,0.4368206002578799,1
2.106949480282526,2364.6245804436976,435.0136371537776,34,0.20417299560169289,0
0.160495352153924,1883.1838605971134,2082.103634909584,26,0.363044401022622,0
0.5344749114938969,4176.380534132271,168.89905144088925,128,0.46787396654461316,1
3.695264826950762,1544.5799298309557,1448.689322725606,12,0.3609813229143367,0
4.912080313653566,1001.4875788601885,563.9095791525124,10,0.14312563364541955,0
0.06942294853024793,456.4243995961174,2977.3095968381326,49,0.06995257487038375,0
0.3685073610284772,5476.588978162561,785.4649311722128,287,0.9788732052436493,1
0.4947640888481377,915.2559680464648,209.150881698607,3,0.021732813929161533,0
0.03794485110692194,3892.3899471787945,521.8041572988024,172,0.3849120986038739,1
1.481511259512033,3108.16363101308,792.1578287784793,12,0.19867816912717862,0
1.0830437325496916,2522.1414575188073,2761.9626238107794,21,0.21631750199421776,0
1.663208476084358,5598.511251338443,429.0334138343162,204,0.9423530945331033,1
5.055945513691759,3148.5983399055895,2358.9053998878176,19,0.19768497890011996,0
0.9485315543743893,1805.9277969472405,2452.517019829073,23,0.36244440085299884,0
0.05373308821031381,7463.6242140380455,830.3968873207286,268,0.48115468585516674,1
0.6844158273312706,1911.551067246999,3230.603778644368,24,0.292598596136145,0
0.7080314994286885,1472.2520900905752,1618.9339657616893,25,0.020090404585589507,0
0.7689996178639589,6627.840604559143,505.52048923503145,119,0.9699943827778572,1
1.5024790562678798,5834.6499164213365,39.4879257402921,129,0.6065299210000386,1
0.6600211939846686,1591.3821189296318,961.2075006049051,28,0.17617654012496964,0
0.2127248644659102,4531.6774539840635,281.5183392780161,53,0.9916868531682448,1
0.7643863453550762,5974.035443427259,264.87394366267154,106,0.6152452700465549,1
3.571898294768963,1493.6218869467061,1666.7062463580419,12,0.3491015358264512,0
0.738387316020698,1486.0824520533952,286.3478407471869,285,0.5341097689826728,1
0.068406557923332,6407.202150435887,178.74427439466837,208,0.3112197095185862,1
0.1444367547596329,4886.219386746895,647.42883581606,208,0.3073592571791574,1
1.7659729299822189,716.9890273741541,-98.56054762568601,39,0.3820242045939956,0
3.5363642756548788,2342.913437286272,1799.2452558780578,14,0.35083623240727557,0
1.7646837926128869,3538.455673357001,1042.1589930913656,227,0.6301384556366831,1
1.0023368553021275,4844.98997658492,323.21850446320815,126,0.40622003906713666,1
0.4902467874882831,4250.404509312799,97.36167545446546,111,0.7842040798942822,1
4.515182146376281,3000.936671372709,1212.5663273703524,49,0.06084171328890915,0
0.08817258724042813,5994.8176248670225,419.70767273036194,289,0.8335484408199239,1
0.18796377264691988,2920.444479423888,733.2222058293534,140,0.8426641772293391,1
1.259941784148555,1918.6917130787274,547.4160469760395,226,0.9443751195717882,1
2.6314069659946475,6972.641718438797,316.3499248535538,220,0.9671840800758964,1
0.25439443787190774,1893.5353372052045,1905.8192248858381,24,0.35296654736293553,0
0.2278472217309433,711.419162931565,498.7684606476447,21,0.12212427067869253,0
0.38803011920907204,1716.365460623871,2553.9152525074605,22,0.031587664876331446,0
0.13852086135460567,5204.988891033901,273.2625499524911,117,0.6918212629335725,1
0.01046461377247597,1038.5829355453338,2888.7710425321993,18,0.23312273403339587,0
0.7865412180781225,5493.230664078016,-19.36039103347764,290,0.7204082378909952,1
0.1171545296262979,9981.288382920295,719.7476308339407,170,0.42611105341283345,1
0.009758425834938557,-548.250931868838,-349.6466794331707,262,0.8318765608998717,1
0.7064051830913345,-620.7758467144095,1975.8034733322288,49,0.06178389888932952,0
1.0253208422012252,2048.841167998751,1801.7695000516167,32,0.0959496451023779,0
0.01193889170775825,300.18903715238775,287.167699271736,93,0.5813133898657177,1
1.6077199322546436,880.9686407171416,1990.2191240500558,7,0.04579505522636205,0
2.8379341161951013,3001.436650046453,668.0752582995754,17,0.2746359653970427,0
0.7295779858065249,4032.1733755262135,463.1873199212828,208,0.7787090874363223,1
0.40623563857920886,762.2677406578997,-817.0043025549512,46,0.02045415257684029,0
0.28349245633047143,5551.3535675346675,523.146948865315,200,0.9040717363191129,1
0.9023622538735031,4362.610516115756,80.86454446610264,267,0.4163605534361611,1
0.008306130563903212,1057.0805557222543,1955.8138241857632,13,0.34848179290522086,0
0.9248380685685146,2709.5202112968936,861.7983549640448,35,0.5671315493763944,1
1.892869392429678,7353.276451918708,193.65126273190992,122,0.809341796389782,1
0.345470472579968,5039.045834874008,466.8003894328012,38,0.6635188848496122,1
0.2622524557519717,5245.168848847361,112.21239585432119,107,0.7058807032334075,1
0.1712772202638604,740.3210329332023,774.1314864156757,30,0.5935342762935019,1
2.150145820618641,2211.7046364987496,1255.8202365162658,4,0.19505112386688436,0
0.48697798619599053,8660.443096881094,732.5466482104349,57,0.4441860251138732,1
0.02167420526105625,3133.5541336494025,238.11167286388985,180,0.3147064098904525,1
0.0889225596731067,1350.5026846709127,1479.978433003885,35,0.30137116890278765,0
0.7394826810902568,1717.2630697562988,1495.1432707680854,21,0.2770129726148432,0
0.9621754981415568,1778.065364289337,1382.3983986972091,9,0.05567868053827821,0
0.12150777348314862,1858.7327643018593,214.42446199332932,97,0.3564065686005595,1
0.534656949691592,3684.380358706447,255.13482663741058,155,0.3351227452239818,1
0.11450543335802255,8908.533397080271,635.3675957955525,36,0.9790521196666948,1
0.4317286613479134,5701.5910112253405,570.2073363059444,87,0.3274855361540622,1
2.2469317550153804,1996.5376780405425,1252.7068286379988,43,0.17565992665349933,0
0.741715226064056,4457.457373939074,324.0406191308193,265,0.5542787461730672,1
4.970603214195308,690.316499791866,1304.6746917674811,48,0.11801628306166251,0
0.8227162675622995,3606.442367229197,-246.3425969605238,265,0.8357214096677703,1
1.4029995309744152,2740.9215804180185,1986.3172077732313,46,0.18846715957312588,0
1.1368634109382814,1200.143353960322,1320.2934800023804,36,0.38560696284708096,0
0.32720204194690117,1428.7039683897692,1420.6593089764938,3,0.0278564592649623,0
1.0957429874722555,2056.9650918507346,822.4309213453378,4,0.31559406396831735,0
5.101263024183084,1158.495144042064,1862.827441211184,19,0.1688137040510556,0
2.0998488451745128,885.7619479166973,2692.5809094799615,2,0.2828345909066793,0
0.15933800322244532,1894.6543207047114,2838.0579094701625,18,0.1850702420261574,0
0.2591999393869146,3652.1932421275533,458.9013531672625,47,0.570235654956285,1
1.5709552562720572,1653.4855006918779,663.0438136010279,163,0.8767983563159847,1
0.22760144982313843,4250.808379983032,560.6986389268407,130,0.7950952383339669,1
3.27169885409492,1645.4930040467962,1805.5483617852426,37,0.1974186321360475,0
1.0177576640594315,2039.855593733283,1502.4368161227317,6,0.3716912214527416,0
0.9925767462153395,7112.894927960804,228.7795130791999,294,0.417614036534875,1
0.38523622058243645,1163.2124153437896,1203.5085343311152,21,0.1325388028412203,0
1.3509709168835877,3375.5869328793324,509.00944374922466,219,0.3935869580796053,1
0.9585992000644648,1300.7711683548973,-11.632584756424876,25,0.016809870068562115,0
6.36605547392289,2168.5536896521135,2847.142153166295,47,0.09497338734992251,0
2.5877787807128723,1209.7291516482728,1889.2013150609614,15,0.04439923951652594,0
0.07927663107058872,978.5311137582727,1113.4508301605008,30,0.35700931598193847,0
0.04829233816040338,5538.49126364072,477.30031870225093,151,0.8421399221838535,1
1.6337435809353615,1766.9296842295587,1541.5567086458395,37,0.28561305778674256,0
1.1226031136902603,10030.676114251914,566.6869567402562,239,0.5326986845220556,1
0.609635324351578,3330.5511088277844,210.6386615269426,211,0.957947061019996,1
0.16597635333402472,4663.758038995668,314.707496919891,299,0.33160595508860435,1
2.352293124331723,1677.7070173069703,1522.5449258953026,47,0.29514780742461205,0
4.126940206210563,1292.326918909116,1379.9555303739787,28,0.2609166594367759,0
0.02652569402128082,5984.493245540629,836.5573568691412,230,0.3409205910658139,1
0.45695252387941204,6270.671599186474,1091.7626530369425,236,0.394103399158685,1
1.4317960732765767,-657.5093143532572,622.9799304838385,33,0.26918664895777294,0
0.7656828242916668,7083.334779450768,397.72763679617606,142,0.7880163780032452,1
2.306904016546368,600.2863265297046,1675.3202621311511,5,0.3432708212628656,0
1.9226427045987058,1877.1746857087965,2449.624244448304,19,0.0040524736110973516,0
0.6596900519963843,3480.3118483104554,703.6793870177835,42,0.6325758554522847,1
0.6880619413033578,2686.4384348510316,471.9839423300155,163,0.8240260960072827,1
1.4350836493697017,717.3017779079744,404.15761633673765,20,0.16071152026172972,0
2.058536327498686,2584.5102870439605,1388.328297475861,45,0.023809880139108675,0
0.18320148226473093,5541.938909406573,210.58837227478557,99,0.7074490917869565,1
0.49700079346010784,2005.9261912444167,626.1497882619368,7,0.33100756884252125,0
0.9345878982061482,3521.5459406988975,2042.3406970714152,33,0.2827905949822865,0
0.24916713844208654,5651.10565833389,104.86042401602452,238,0.3597821211139052,1
0.5587325256155306,1279.9586422786847,1602.4835319286315,18,0.2186592880751154,0
0.053732691371896756,4413.980499209195,-397.340791270217,295,0.8344610905677485,1
0.1694607823168569,3750.6745596209234,330.815753582527,241,0.9885981082464061,1
2.4763306207268543,393.76021522853125,1958.0662250849268,40,0.23934299371910353,0
1.8468750925568855,1124.6594783162361,2018.967910071714,32,0.16710439171003988,0
1.498845120585787,2250.6270447807983,965.527637085561,16,0.00354531404538756,0
0.1063447836422213,5837.645072710294,265.9402612647612,104,0.6534380158750974,1
1.4960015786047247,1603.376945580182,1791.9688019729804,24,0.1419085167343937,0
1.215198541029762,1324.7195769529085,473.60622064914423,12,0.22881945734772036,0
0.6259739163161683,5810.142570553901,708.6207423650897,214,0.6762781005482423,1
0.44717938178699707,2953.9283351449967,855.0481000669783,184,0.9055497695627757,1
0.4600914975811219,1128.4542528406332,716.3406087636745,235,0.6120778848789112,1
1.4518995431084658,1679.030361311119,2331.923749916861,43,0.20445165569489193,0
0.8355865391229216,1459.8095124406905,1658.0796837539197,28,0.09580406796381524,0
1.0053147087469951,2174.8266523991056,537.8533710985902,94,0.9211971747592522,1
5.23921069910434,2802.8924364570335,683.0137462954294,31,0.18851486695926584,0
0.1735806079258283,1853.7377233116636,547.0918882905303,75,0.8939302420843851,1
0.1804353710296746,8932.549313037141,589.4475397971577,116,0.9361785484018035,1
0.052490582165218624,2346.73958947967,2752.4192233874724,8,0.05678879590439756,0
3.3109852145201506,1296.0182260633158,2607.4182548084145,13,0.35603881407352334,0
0.6899262764478805,7388.251395594382,470.6254260671288,74,0.9765909075663808,1
0.42401938106126796,9760.341473932516,90.25275337536834,200,0.762939875261307,1
0.046462593152211816,611.539323627337,145.6345486436917,35,0.27084825589400374,0
0.6131601122250381,3575.417679403103,558.6445194659873,45,0.9253131456516859,1
0.7745221547885494,5238.360498603271,792.5937375433937,135,0.6004046443708253,1
0.5740960746274777,1538.8173023558616,2339.6421722554683,43,0.3569209992558609,0
1.8243609175510325,2094.611275218172,1831.0392779611986,25,0.38656695434656296,0
0.5132104558305857,670.2030765388349,2938.149221479618,21,0.004961614510925916,0
1.1510778749285233,1016.8118506273436,2604.0730833179614,1,0.20250642379808112,0
0.5198775432802587,7553.458238573496,627.6469799720691,163,0.8915277542276496,1
0.41514142047588676,6697.856938595489,793.5266336084105,224,0.37431224748322706,1
1.6293836978474705,-131.3857422080805,3004.925655552472,47,0.2995305347853226,0
1.517594326391324,634.761597108484,2201.889832460537,30,0.12190043815445334,0
0.040051899429972546,5957.472461852321,541.7181195960253,60,0.4972775023068304,1
1.419556310849698,645.9036564939245,412.1150872160647,45,0.28774144894766346,0
0.5769804500775584,1468.355876914676,2235.261186390215,48,0.321774883071802,0
0.2644413220251173,2164.2686532353964,1292.7662833434374,20,0.10989261020780781,0
0.9656149226451775,1501.734562995146,956.9715865136775,65,0.49964406187628985,1
1.1095182581659007,214.8429437939419,726.4190854966296,46,0.3015847614387136,0
0.01834175280566355,2458.292178558757,377.0940222111508,246,0.3369207665135522,1
0.027584831770850554,1647.868898955899,1835.2152074928363,5,0.39239495126507407,0
1.346257081964641,1765.8512095836734,1423.7635740904384,40,0.28409711944932464,0
0.6618404992948053,652.6291824888388,1694.6715594581535,41,0.2571527640234831,0
1.975118540318174,2260.33907054884,1972.5238645538475,15,0.1761293673473396,0
1.7291261446479926,2016.3007596681182,2456.037303139874,5,0.2848056081323123,0
0.5930589566671045,1759.7083393752637,436.49990542064694,298,0.9567268207673056,1
0.24564689738889042,4867.198367456137,-90.12091107614572,104,0.8873697891597281,1
0.1806664275554946,693.5309512660767,2428.6614299028156,13,0.0030656130596901313,0
0.7040760069825923,2323.324509860515,857.0603456242154,21,0.24936238326377605,0
0.25900044161986097,12463.147506508525,361.05159137438034,180,0.718200469801394,1
1.4107381064738898,1447.1361610821468,1819.3784980842233,23,0.30955186229206255,0
1.7061586182015416,5921.832868293799,205.30892588680564,194,0.4598318766580276,1
0.1110815628530355,2936.473675052612,99.3555292700326,105,0.9760826238028328,1
1.0084081642104543,1038.486504381481,2337.678642089724,37,0.2810535092342065,0
0.6876244608105301,2696.8354491913465,3031.225083093429,14,0.14762120870436665,0
1.5800796297502717,4839.529557228756,625.4617267663916,39,0.33847641478787543,1
0.018343416538453963,834.115541516617,1063.0044413980138,37,0.2343459153814077,0
0.8280496879574606,2287.457918781267,1189.458545167017,33,0.09295372922241914,0
0.5663118891917224,7033.012966869943,523.2441555556587,278,0.4030142757664617,1
2.549226108958832,1761.54189901133,1561.4575128482043,26,0.3210342718319252,0
0.05911718817835568,6204.665154296229,471.90914337824876,176,0.6877952788521916,1
0.6244970854163753,2287.123683605505,666.9659373601274,204,0.4131861872917908,1
1.1961919735430895,1148.21515338066,2154.2130393602297,49,0.30756911284305644,0
0.7585016529870559,3708.9258902810707,569.4337767576717,124,0.8383427932118068,1
2.9570174578197497,773.9490703667217,948.6497455283458,13,0.01386810669059333,0
1.1154031145986536,5623.271489104322,214.30508577836088,109,0.3746365332556185,1
0.6527832886776416,3859.6979313145293,311.6798281746483,30,0.4928967434164249,1
1.1314191152909192,2163.5244649467913,2297.013455557712,17,0.20506709038256657,0
0.15635210297696756,-1868.7621068130866,831.7701273071928,51,0.7967699404531671,1
0.07959764386546411,1307.739681473492,714.0100851693524,5,0.20218204716417998,0
0.6256986509927576,-130.4996281422832,464.2548194232754,48,0.0022023196641683287,0
1.873689516474899,1749.000123634829,-439.10346130316543,30,0.3672306208796603,0
0.11077444041964053,1039.4897390097808,1946.661530017378,26,0.23549260885252796,0
1.2531249964185862,2478.6132898094797,199.33489432198257,182,0.6626073019632686,1
0.2872341714964048,8508.424925312976,-72.80682625218788,183,0.3369786804553054,1
1.474687492174093,1878.0779859304344,2811.293444355254,4,0.2277509444729131,0
0.5808068223299941,6180.005677298186,168.11194627650974,114,0.7378034151166154,1
0.9278280231937154,4983.6967119263545,137.15691937435844,68,0.4375408768693478,1
0.306240726428223,6336.572715306088,242.96837185196216,254,0.5498877006280647,1
1.5057567407064574,1796.9166986970472,2681.2322797807165,3,0.2974375664706239,0
0.608191040330119,4708.085210511884,145.43776237375965,161,0.4531401958876158,1
0.30391713424838557,1020.4999816369817,1185.3289501381114,13,0.17099587516824608,0
0.46224022178824675,2023.4925250832462,1347.4540793893227,3,0.04841000019407722,0
1.9618136759366114,287.84715024115826,2172.5148391909793,25,0.39072013140426376,0
0.695030319049337,6021.518269254419,287.2937127108529,292,0.6588306708722399,1
0.13381654348484592,2070.3987441379104,2252.6169503905726,10,0.011014687947786195,0
0.6534547855373437,-1323.9001942357572,448.15947878106067,266,0.9158864235590274,1
0.8333316729073271,5930.263681517157,860.1594975421617,278,0.4696475865957336,1
0.4501606318808089,6744.758181347569,895.4906974558007,238,0.8082593960386952,1
0.7351820419798913,7439.541798361773,397.2352397426705,155,0.6982688382972955,1
0.2968078935051169,-617.2233349615135,883.8394794973253,182,0.38356670793673775,1
0.13095301511269733,5108.7866716086655,-0.5797776634585716,64,0.8364430491732566,1
1.2106644956000232,2936.7021384764175,721.5448472947556,46,0.32158340302100813,0
0.28459912786061886,8681.676689377455,766.7111366839677,52,0.5344148030958895,1
1.7233123088657507,2060.247903527193,1455.384737873835,23,0.34541900900581807,0
0.06306662671847921,6158.015730247807,153.69119953010465,186,0.3256990604381466,1
0.6101713820598991,9581.392608698005,391.56116999180426,177,0.7257479637365126,1
1.5554531794429107,2774.5493013115174,2806.7452258408766,19,0.24502938733792767,0
0.03930792672458491,1378.5214634161398,1010.7543974388816,177,0.6675345381717692,1
0.5064459904717837,373.9906442257429,896.828328906659,19,0.1638515579580928,0
0.7017167191600204,6573.823960554527,428.56686910638376,77,0.32823369649691636,1
1.1868356969726963,2701.885641676822,1852.011560042666,28,0.14094997864386177,0
0.621916390842341,5209.5665698234025,647.3622996235989,197,0.8034716404030822,1
0.1109422589643863,2244.269625408942,-38.16774936036711,175,0.3382272122494283,1
0.326844391410675,740.4808889344456,2482.1351939786337,37,0.3776168375301592,0
0.007613006942445557,4281.381201499111,1181.4349236268388,143,0.3189746566353632,1
0.0006772713471739074,1555.9562481144067,847.7222194867693,114,0.8191391012163223,1
0.05407997301929704,4396.256385323053,540.2889491743379,79,0.6768541714707159,1
0.171600566445232,4492.548406510858,865.691236938099,181,0.8118754125431624,1
2.7054671913694452,1375.4582116863364,1816.6428267499273,40,0.028372886453509372,0
0.1445090711393864,4341.379459794377,654.6884265331869,99,0.3524270894013886,1
0.19105859042325285,1961.2455704446131,1138.1549446007386,22,0.29596164830677213,0
1.0727642831722235,6894.804624809049,250.381608545043,52,0.6562713282954332,1
0.6251005063961297,1642.160800746603,1606.832723825826,41,0.3387875416828242,0
0.5175830313402491,4171.729042041693,375.9183399735067,147,0.515375362634564,1
0.4382619835734714,4508.833541429757,693.9468613177312,53,0.5978539614902899,1
0.32345225620584084,5059.757608212389,749.057543558783,220,0.8366171612984361,1
0.19406068427327786,2270.1652490117176,128.77200853322825,103,0.49372789236591597,1
0.20140783478645918,6249.660309350928,1000.167233465341,63,0.7906059880707159,1
1.313330665804303,1075.2024359985458,1320.1876784858532,12,0.24139723841735147,0
0.13298080166671003,2763.65771658457,748.5316849449965,14,0.028926590103175442,0
0.22318297935387854,8633.151658302586,246.10520676027926,200,0.5537513891720591,1
0.35554413749490776,6198.60379521516,666.2173313347721,293,0.5715809280785205,1
6.403160909402976,696.6873865983457,1329.2457032558336,49,0.3178062177962995,0
6.501219509380979,865.7017341901246,2393.836665270502,27,0.12157856049628953,0
0.5914613885831744,8704.158506156497,708.5608700251998,195,0.9389605602855031,1
0.4943660525493944,3005.619597180027,2010.9841776233477,49,0.2544384185638169,0
0.3683364631013783,6388.781615855621,636.0526137663402,127,0.6113967029792786,1
0.863491419891449,5063.471051356026,160.93888259782284,184,0.7830328218866147,1
0.9420758508770627,7225.618752091272,532.8225415498911,102,0.6907198287233085,1
0.1758862845523176,3772.1156321447384,225.11776983088254,108,0.8716586702411364,1
1.4452231245840161,7949.313020901775,637.4504344366096,279,0.9144245834038374,1
3.07727959578122,3027.5333123761043,2239.706946330215,7,0.11996764460279388,0
3.147500560741491,1218.7892127669531,1777.2031053845726,36,0.014688545000328457,0
2.4419534111108345,381.145940944687,1547.7042959361393,23,0.2972772794926414,0
1.6913964705202706,6708.322482027674,-46.18099016455517,142,0.870068744468357,1
1.507239393293603,93.43577081855256,274.26942879408955,42,0.7299303710233079,1
0.5008043337026639,6205.6223817016435,341.3066875807954,45,0.5343523293234753,1
0.5439061967302936,2122.4647909512323,280.05314086700105,30,0.7364537178731361,1
0.4854955025691306,3527.8329331532595,414.6846051180472,85,0.9050563865191812,1
1.0764458768242324,1815.5617139026374,1934.8801236755457,10,0.3886130763604203,0
0.21170676724698143,3435.806781259469,592.9996949496665,288,0.8096815061353164,1
0.06237217787593864,131.86528587469957,1747.856568181622,31,0.13697919153388535,0
0.8701362638780975,2594.905246025879,281.4504761729802,5,0.33039128508323273,0
0.0841079234315485,3661.6622824594424,297.5197943628343,221,0.7305488278102885,1
1.6124621460824966,2832.3795555700613,1955.1864633482203,7,0.15805509730572745,0
1.162649852949258,1110.2996929882431,1814.7883083373997,11,0.3409055497564726,0
1.5056535441884396,7682.44511941503,-73.67649262593307,295,0.39258810056893717,1
1.8184313343367349,614.7792730066637,441.52816527400137,27,0.34302493506451354,0
0.48731012984269517,1486.8616831417983,1015.5075682105087,40,0.01874076341104125,0
0.7079856118620868,2418.690241181151,642.0415697105685,42,0.9458226299657704,1
2.6796443150320126,1408.3681237979058,2465.207173206685,23,0.2538685093015766,0
0.004177373062622429,7172.886481242242,639.9635934350381,87,0.5215199916120913,1
0.14158190425046666,2465.2601192686557,595.2359783750526,164,0.44284507198262035,1
0.09850209870717433,1039.345407484256,355.37991830556143,40,0.345825443809068,0
1.655211110504819,6050.236226129603,557.1271669775173,209,0.4588849776300647,1
0.4372458755453356,3202.9190309781743,317.7936700363366,125,0.49530580324345763,1
4.005206886598989,431.72451303191906,1378.024130895565,39,0.357236082078166,0
6.473187843087138,1081.7119782773852,1384.7299554227077,27,0.3820460829166806,0
0.6945828907129687,1274.5723129115943,1979.9429839969637,40,0.11982627118154957,0
5.418464109244389,1723.9749010558562,2196.0541845510033,37,0.3004712191233673,0
1.8374996296950075,1143.5979828793825,1551.5795318480962,22,0.32329408400368886,0
0.7924229623240089,1561.8946461180947,1302.2580939835225,47,0.2814743909843183,0
4.873637792260131,719.3013976181338,-94.98851405716437,44,0.11030702730054279,0
0.3469748969941752,6732.296557579028,559.943130115614,54,0.44286136280903216,1
3.326581843740013,2006.3454542044087,1646.6879358233246,9,0.273046888489361,0
1.6977776014010233,1109.9150207420053,1479.5567432068437,43,0.05600963902132708,0
0.0695434860308021,137.93311660972768,3563.767470123455,43,0.35212590485957085,0
1.173610624811619,2264.1138564009907,1781.6443172114375,10,0.20506190125802118,0
0.22191662015891842,1173.5397015827589,604.264084299085,41,0.20662905137839163,0
0.06708020364218745,3956.582965987289,517.6952664768792,197,0.5461549106393337,1
0.7578952457757636,5362.219582742228,268.20216641875277,71,0.36964626821107527,1
0.036908468501513136,-250.06626912905995,1034.539672631318,244,0.6189546846079141,1
0.10977365438436126,27.300614934683836,1196.6978072100103,15,0.1902184149947307,0
4.231624720909955,708.3161437931353,1742.1083721912266,24,0.2895892221864375,0
0.019853996856933325,6531.171985034006,1048.886060514826,44,0.32552273557793293,1
2.093756810494616,1252.6623012250884,781.2256145671702,24,0.0057261110668239915,0
0.27689108059388406,8077.186282886838,374.6271362702328,213,0.6603195356297459,1
6.915854621769476,1456.5641067857503,347.95929392456446,17,0.11015246970216741,0
0.025635609768063422,4496.271165131205,409.7420758577521,77,0.7447263426958246,1
4.923014796812097,197.9660496934698,1530.4027825345602,22,0.35159156011290693,0
0.1269905152221055,5603.304837291953,632.3921455097737,36,0.9294742428024416,1
0.1875393480111844,1731.3349151262546,-543.1369079215638,19,0.0904115991263999,0
1.1079803824185235,596.7585830262167,2613.6018290756792,37,0.18160064847844595,0
0.06617849792775285,1058.221564575223,316.87074498069705,8,0.028710322490605213,0
0.13392234052435345,4196.893084705221,195.57215204424438,98,0.5756285990957847,1
3.8241530689041077,1473.8442015247256,2197.9658626241157,2,0.1300416061726796,0
0.603939982992444,535.3337701647224,216.34793601718064,43,0.5710561988471448,1
0.47377719815420594,1252.3628485488077,1852.3797903683192,24,0.18340920355275628,0
1.520592755555257,4485.351422799149,435.2997087357103,145,0.6957911578267766,1
0.3096481599113348,1703.5366746409704,1708.5390126591258,32,0.14474123728205548,0
0.4926183920834939,2857.1650946320306,2899.6613945495515,44,0.13615484170180228,0
1.2661685046534834,1303.4055487312446,1361.5425405729043,11,0.2769971306676901,0
0.9091916335154263,2026.8354181382642,1145.3741990467918,6,0.10856375217868575,0
0.4107908282131156,1192.3555646161396,328.50009583214387,47,0.2525230212367955,0
0.24522465688125655,6856.7060458993055,317.4230830280899,165,0.34832585583796244,1
0.16015193846438724,6487.573664588912,925.559403544411,108,0.7905658926012182,1
0.30596759852499944,9298.444765518241,881.7060500320304,219,0.8606571050790011,1
2.4014248984627313,1473.7973838272012,388.3420265891232,16,0.14982115480804856,0
0.8217391843646854,2173.461662656184,856.0203860531992,238,0.4580526865054404,1
0.32781987731790285,6493.070545633462,362.27290693430245,132,0.5295187958127809,1
0.4303364717227319,5874.125118249234,59.96444281529688,151,0.4656268478952551,1
4.64715524783446,1668.8139737620947,504.9094116869719,42,0.21656304293903408,0
0.05597207257871357,8142.873042156432,1114.0586587158673,103,0.5350714552490742,1
0.032111006237036374,3856.745862283025,727.9136886452505,266,0.5391487788834213,1
2.238368065707211,395.9188334280868,2066.6851578394826,8,0.3916419752060618,0
0.45523918161017946,3959.513987786865,704.6208470187894,55,0.5724460330364072,1
0.2324000315796827,6082.39956340174,-114.9823835732434,261,0.7362472611476049,1
2.3757378790325996,1587.5158356839142,3422.7324681906202,34,0.37669028464757004,0
1.8211304653212823,1956.4789348745276,3213.816286889491,24,0.363850727774637,0
0.560459500444768,5739.061221867738,711.8236741445395,135,0.5945155937980318,1
0.5762357824423028,1597.6078517162891,1560.8043131299291,37,0.15013196316784075,0
0.6682385134724237,3558.6878425998884,2813.6121281090955,15,0.36665409433648294,0
0.0021864082458732063,7172.890160973183,866.9249201285975,38,0.7449517253668292,1
0.039651067385025406,3411.5940279359265,994.8442682971763,211,0.5380030702419245,1
1.1924336194756286,5778.271683607212,948.4814682359709,108,0.4163787312447904,1
2.145589129615296,3963.10464676419,232.87774121142138,20,0.11201493182019578,0
2.1272727716350697,1620.241409169502,1723.1953297790415,14,0.12093329974059751,0
0.28441933627164817,6705.13016428155,215.32504375254882,96,0.4344112593180257,1
0.004986695229076359,7304.503754943131,-60.922509908626125,216,0.4799438845324461,1
0.22926365759416947,1622.3140844799468,824.8073161661221,278,0.6826740854281181,1
2.534845166229189,541.6976859289213,1858.166848013852,32,0.30642591061412106,0
0.38092480096203674,1801.8403944358818,1777.190780718394,10,0.0006260420765891617,0
0.3404255841155766,5189.888169790219,252.64575154169793,74,0.8657877478513947,1
0.8925219954342865,1087.164217426101,2293.6338796292184,48,0.3991283422727913,0
0.040303609001091645,1000.145137843457,1034.655268841085,32,0.09109989444128384,0
1.6111358472240993,7678.857880587215,632.9006391342125,140,0.7320359589818767,1
2.0085261073128393,1422.629510503686,945.6758417632741,30,0.06165801727139484,0
0.11539389827069452,1671.1839285873775,2067.20300607081,32,0.36287801228233196,0
0.3872811802854619,3143.7894186540398,733.8047011715997,50,0.896433891063285,1
0.18962634533008838,7420.4616513321525,241.88449676614943,177,0.386273220692786,1
0.5977295018255846,1130.179769035966,895.4038724057242,22,0.33138771977964687,0
0.203270317391417,2906.843922375749,977.1746217853552,142,0.6198216502160867,1
4.931069884902903,1352.0782908456088,2591.312343979075,46,0.3823675315821277,0
0.4491866652610291,553.39318986738,1055.8403786454414,38,0.18014039156216508,0
3.4713491542239714,861.362204369237,2869.366784113875,7,0.05353134519987726,0
0.12138342664977719,2335.3287016552576,1015.4280615973294,8,0.0015279690634332434,0
0.12556313986525486,7136.313067666539,10.617255361716389,66,0.6064017774534789,1
0.10965402342068911,8639.555805366916,996.6221339264886,44,0.7668492132210765,1
3.3462201078533416,979.4859447025384,2058.578650890872,32,0.36115799807679494,0
0.223326333782404,3040.585836034009,443.9311525514045,58,0.37607777756228444,1
0.5227796404115659,-210.28234874647114,651.6767725507624,85,0.7241277706256382,1
0.5565774843475207,3671.964263481004,154.00027903827652,100,0.878525226644528,1
0.8485323753150265,4815.131085979018,610.2859520629132,207,0.5106764237421352,1
0.2854598042131631,373.23096290915237,1934.6384232291102,24,0.330682943896595,0
1.212345722896997,1064.0647305528403,925.274187544642,22,0.22148459414320448,0
0.5698919931745888,6671.637011894767,562.340752205994,235,0.3999700131310071,1
0.5441305941907157,1504.1949597745465,1522.995858347854,8,0.06489336231299174,0
3.396363973929347,808.8073842561472,2008.1374413455756,22,0.23728862804295373,0
2.113123721307875,810.9726389373891,954.4126016017611,18,0.21627939065796414,0
0.8047276607020213,1487.0253829910625,577.3927943663542,243,0.579988112805498,1
0.74122971324484,2684.047175046154,302.52547629984554,128,0.9730855124962963,1
0.13079099054693588,1687.3717860292165,1230.3312231055686,3,0.029160734147161405,0
0.16058758829254643,2025.8333522740968,821.1831679937559,158,0.9087547793685198,1
0.49662520025944423,937.45885989929,369.0284024760158,25,0.15461620272921117,0
1.322021066710936,1520.872840168667,688.1946154457065,11,0.3856115388662055,0
0.10021056582081991,3870.8513096009433,544.4268259394829,92,0.4288313404351495,1
0.7334380514716526,1239.1811742657271,108.22897697752023,27,0.11227328620638972,0
1.5825467021983783,3979.7479020994483,596.4779634017716,138,0.9770898332592084,1
0.19152058731847021,1579.4658443433807,1243.722153444544,15,0.02545636371465694,0
0.32104629430782744,5638.459389185793,341.20036626548875,166,0.6378208649630644,1
5.3516972074375495,56.09431946838481,1849.0589357392257,13,0.33171471972670225,0
1.0491591789116845,1704.8237874511005,2842.1606512611525,33,0.24826419192983362,0
0.14207104998989795,2880.915178452288,470.2717099276193,124,0.766679956324759,1
4.294681684036725,164.47577510290262,1918.2683904283997,31,0.23959140327088424,0
0.7039021349652886,1773.4047806217275,1967.142548260771,8,0.2617170209299848,0
0.5904523633771267,2195.684736084528,3170.699763824582,4,0.10304288813348875,0
1.52233403838903,2593.4994139556197,977.9008165580873,40,0.044288237330526274,0
2.055896576394709,989.8080125989472,406.49704126766323,11,0.3915924460699236,0
2.430725393662097,1903.2372124142755,2655.0116832586073,36,0.08505775054843845,0
0.866975146909952,1760.9064177936943,1484.289760858655,36,0.11569790878906182,0
1.985454944713223,8526.147863008759,392.59118607590415,38,0.951115642003785,1
2.626998836284995,171.2312531872069,-222.31247436198623,34,0.19073738732712686,0
0.2497740614418322,2989.210600850019,513.8008241759823,253,0.5283191778897774,1
0.5635464512230804,3939.409166504891,670.9281071595941,248,0.8333229260642387,1
0.4069997585037087,-477.3156001018315,1361.8981600473444,8,0.1950668274485058,0
0.48993888151555404,1537.9189370531312,2759.189410632026,39,0.1773520057516751,0
0.5429971334477728,2629.1299894394983,291.61988925105663,180,0.8159926897696472,1
0.3258223429878577,867.6204356437505,2384.420746366387,31,0.23746431648341537,0
1.5040048792243272,2415.003234565543,2180.1773936907944,11,0.2468266064471205,0
0.29914968667385017,4513.256759708296,627.7530975889488,31,0.999155055070958,1
4.495458574782428,2045.2005578980995,1267.7803646490788,2,0.11150394896582122,0
3.5368609454436806,635.1547676733901,1565.463486838052,2,0.1197582353486725,0
3.0442538072553447,2451.2132248860416,2107.3241282421177,28,0.3554636321061595,0
0.5802154405010949,2434.225649327846,1895.224149026191,35,0.1017566323367388,0
1.3694138306639299,1038.4770754700776,2386.962864466326,17,0.2461192100279208,0
2.1508314393591945,2653.2548965263204,1469.1932243994343,16,0.15380453105792502,0
0.161702370654051,2783.297694291357,553.3250318804094,97,0.9005004484622423,1
0.8405334141632395,1988.4685962270585,2265.3618534356674,49,0.3533859051944243,0
2.083134594008137,1997.447969773757,2470.478159983347,33,0.22941158058222932,0
0.15433903217401743,5137.335277499622,438.016616091186,57,0.5392943293420807,1
0.3195964288803716,3767.1929440005697,521.6110583851234,261,0.46856267125122125,1
4.140515726706461,2460.971137731156,1210.0472468774942,2,0.08279703137537071,0
0.27857792444363216,1231.3722405678975,1261.9491973120064,18,0.1372669412690633,0
2.2703432878963548,1698.5764690402689,1844.0333177528557,4,0.2809035064126657,0
0.3126062421540967,2450.714618758467,2960.807770837549,38,0.11046782312835979,0
0.6525626528131986,5429.598349483828,898.5922484744693,228,0.5429016347885399,1
0.6978658679425991,1440.453256719963,1653.6392931920252,28,0.34158478678216886,0
0.23685970527975803,3549.8668965748925,779.6574692781154,151,0.9566448976976918,1
0.15416597250375935,2277.256760763484,939.9033480486614,43,0.06950463725429752,0
1.1122204538520142,3210.6000272231204,956.301868147814,176,0.739368214011166,1
3.492668521301448,1867.3440633827495,1906.3930615300349,46,0.3705530426920347,0
0.6264531019127748,3781.992697012682,31.552033267442198,285,0.958934074950831,1
1.500755621597657,1337.5636911656059,238.88627441260041,5,0.24026042661934235,0
0.10298093873716539,8830.91931169529,146.5877397870858,39,0.7205545045377333,1
5.2253628318840075,1009.769047612491,2457.257201331593,40,0.22100038696315566,0
0.09155371515647234,6136.852280352836,386.59763029453484,282,0.44247441172082747,1
0.18688428984494018,2172.778911685211,510.3323035117524,206,0.5966390839516463,1
3.279927996331202,1657.2438212092597,1946.2482450814898,7,0.3064463731182345,0
1.464451787568561,2106.006168037844,2940.7523463286525,15,0.1788222175225702,0
0.42145018127970313,6024.406989898744,458.1808398010298,138,0.6693115812905159,1
0.5166218987260125,6803.906262815359,531.7261373814441,217,0.7206618391764033,1
0.220899500324707,1087.9930715948622,349.579355934309,249,0.6384486595747627,1
0.3341037931930354,272.70866341150213,1699.506946968604,20,0.32762540554466246,0
0.25254909675138965,9260.263790638728,642.5503239486145,186,0.7083150737289432,1
0.048599997869304995,2776.8979294291894,656.6751908053336,240,0.5122538486909753,1
0.4128512898420655,5752.768347979355,841.1943627094188,118,0.5131432970478212,1
0.8943731370964587,9064.897288405158,455.3092070698109,88,0.32688061412844116,1
0.5660950631926498,2849.7133080580516,1323.2286609362689,39,0.3317578659435388,0
1.021222097265417,735.5676475196594,1840.3660494279718,32,0.3643080646575661,0
0.154164301404719,4558.064592210545,764.4222586770713,79,0.32410191600132016,1
2.526795759278938,2419.4186610285406,1635.4886592288624,19,0.3047192765510789,0
0.5603198724864356,1284.4745324443538,341.5888796670049,32,0.26045903395266967,0
0.5488844425837361,5094.844588619005,328.89459007589585,255,0.7175269527894805,1
1.6764232206039815,5718.322261007524,378.68077304481164,227,0.8484510518115362,1
0.38970773537609105,2718.4992618157257,698.7039920840676,21,0.03861378807817633,0
1.4443585196220525,1565.8271914203394,1012.3902382725735,46,0.031059733868642025,0
0.7156624401502872,3258.070453926063,216.27618179096567,265,0.8184645067466381,1
1.1951859724699718,475.6565180029736,938.4066497545957,21,0.3844541941630372,0
0.3077828607786736,4538.686605860376,608.4251951819308,265,0.8437589060460415,1
1.9584943631819984,1528.2108415773828,2563.3220241059453,16,0.2659939613903981,0
4.257190719349499,761.4134031112766,1764.7041857715658,42,0.04992832558673932,0
1.1935467692083974,1284.100051765303,1562.9081522528725,40,0.3295161536885179,0
0.1813455880670851,6037.163750904776,503.7497965721751,229,0.3882807256627874,1
0.23238791215274449,6455.066417711817,682.4738575054905,212,0.6395125912668289,1
1.6744853698927593,1152.4030180541477,1929.2078748563229,12,0.11784775853847727,0
0.0887862718992548,3038.095229680742,641.0132562104607,96,0.6428501075917685,1
0.05344356102718182,4230.47882215279,1085.9777412579706,99,0.5036137979621077,1
1.965316066639828,8072.451256222655,539.3195558647546,38,0.43487347754069017,1
2.4860617608895685,1511.143433530357,949.479723857821,47,0.12754672732845554,0
3.147912956851192,2979.164875956276,706.8861204349543,20,0.17856780656063287,0
0.7294378981480404,1558.6543737507232,517.9137478904061,30,0.017495628923578945,0
1.173441878530689,1202.8473072033669,1449.925497680382,45,0.028684755539060403,0
0.07064156542878079,1746.2414151136472,549.9212647763898,16,0.023059032879609954,0
1.2473927009813524,1701.8820135030815,483.02345333003126,254,0.7201759870697081,1
0.0076116555776955044,2330.0319554063194,2086.112061772463,38,0.2431620856362815,0
1.8158259727672754,929.7233738582685,2318.056345607712,10,0.17221173538488302,0
0.25375331299759785,-1589.3693475421942,333.33596615394003,132,0.7443208987728207,1
0.2799221753900893,2061.013485937871,318.0489835352781,275,0.9458515977225004,1
0.8533486969534858,877.3562196781498,3268.418401273081,36,0.25049372856842556,0
0.000737454615192529,6395.348786296266,817.6185589651636,275,0.584491575601813,1
0.004547699803614305,4018.8222348478175,587.814644642556,65,0.8674784992363143,1
0.2629737241562986,1091.9868809162024,1435.426735913134,21,0.12374908714511285,0
0.5315994361736103,5009.239179619618,203.63799772977524,107,0.6824849519484923,1
2.4994780379511754,6380.749844198808,471.0128989955331,252,0.3084021190908778,1
0.13898318842967344,-153.95368003190129,2020.1609423669288,15,0.274530878674439,0
0.32989459593419007,6144.21646513388,808.0958789959196,91,0.6222487611943788,1
0.056376716648283795,170.78395018483207,165.13274089792844,19,0.17383838434348473,0
0.6426778759780297,901.2895936864143,113.50771476093871,126,0.30432867584862766,1
0.3580314378734205,2490.2530495787696,846.4514632102112,37,0.066381958118314,0
0.09061094871259683,8187.187603196806,-60.944901859649235,50,0.4158498422645589,1
1.0894366788455345,635.1493379200822,1018.9058848390291,39,0.06400997458527762,0
0.14591301618925726,6862.513282193203,476.8336864330863,176,0.5834780111633319,1
0.11321988527499603,6713.76934697551,334.9654151190383,210,0.6169773636990288,1
1.295121039914152,2496.8681539981035,2107.142871829412,45,0.2583289545145937,0
0.7017507254976709,3652.8953595181542,732.8083741530427,159,0.9807229730195315,1
0.6443514237174659,1167.769668879359,1220.593836545257,31,0.13808925712067685,0
3.4323457502662587,815.1329392729062,1342.9201207320175,10,0.15783043023905857,0
0.7878634682838712,6670.851221795202,575.4420826821536,59,0.32904812785693444,1
0.50305806252761,3355.4136153696572,188.4368537468083,297,0.7608152076542433,1
0.1627631248216475,2903.5355038819225,342.23609723143886,222,0.6285847893924806,1
0.2929999440606704,2278.043559701384,1246.8732402441585,22,0.3058111178618871,0
0.6482874292018277,2325.4756315749078,1508.2820958747045,21,0.33836857587109287,0
1.0230743948600338,784.3141582243969,1879.7585863039621,10,0.05714011492033544,0
1.06078526965118,8609.080008672036,436.3373090296545,249,0.570765069436316,1
0.46793064892154507,4302.592674170479,577.3257620428252,35,0.5085840648470906,1
2.982794357487334,1991.33336003474,958.8861583525843,10,0.04439578768539243,0
0.6669178069043613,3172.6093107113165,1097.4659906614202,216,0.973440949258946,1
0.3441194749736848,4121.464410715669,770.1195765185191,202,0.9763920084237301,1
1.4636305584720752,7559.273865267453,883.659743994018,249,0.5208732264641949,1
0.14880751748363122,813.3137758550291,935.990515393273,3,0.19336297438925865,0
0.7046948668804007,1055.6183046717963,58.41564993598422,8,0.25912697839621135,0
0.14345541981047916,2504.6049004588167,2368.7164526652623,38,0.29619045278140765,0
0.8786973400640409,1991.9978615271389,-145.71506338275412,76,0.954776142767459,1
0.7612262880572404,5759.546489012189,773.4088166524166,41,0.7499565493544164,1
0.8483056001705049,1139.947622816605,1652.8792544159228,43,0.22390227345535305,0
0.18042448499115651,5008.438766492903,561.316709480893,117,0.4304938633977822,1
0.26691295273787274,2871.483914349216,665.5222399732761,80,0.9664437126473018,1
0.339488609616996,5438.02854727128,860.0785249216488,243,0.8165494382991603,1
1.7862383966369058,297.4856375055151,1600.4611627772338,47,0.33824174519596273,0
0.46271266347133366,4037.445470717841,758.4908373493831,127,0.8043197190239293,1
